order_id,transaction_type,conduct_type,notification_issue,gun_jumping_type,voluntary_disclosure,cooperation,mitigating_factors,aggravating_factors,penalty_rationale,legal_issue_summary,outcome_summary,transaction_value,delay_duration_days,date_of_closing,date_of_notification,closed_before_approval,control_exercised_before_approval,information_rights_exercised,penalty_reduced,intelligence_source_page,intelligence_source_text,intelligence_issues
CCI-1760,Amalgamation,Pre-closing consummation,"In the instant matter, the Acquirers by consummating the transaction without filing a notice contravened the provisions of Section 43A read with Section 6(2) and Section 6(2A) of the Act",Pre-closing consummation,Yes,Full,,,"l Appeal No.13578 OF 2015 (17 April 2018) Combination Registration No. C-2025/05/1283 Page 17 of 17 in the matter, the Commission decides to impose a penalty of INR 50,00,000 (INR Fifty Lakh only) in the matter. The penalty shall be paid within 60 days from the date of receipt of this order. 46. It is made clear that nothi","Proceedings under Section 43A of the Competition Act, 2002 in relation to notice filed under sub-section (2) of Section 6 of the Act by Manipal Health Systems Private Limited and Manipal Education and Medical Group India Private Limited","l Appeal No.13578 OF 2015 (17 April 2018) Combination Registration No. C-2025/05/1283 Page 17 of 17 in the matter, the Commission decides to impose a penalty of INR 50,00,000 (INR Fifty Lakh only) in the matter. The penalty shall be paid within 60 days from the date of receipt of this order. 46. It is made clear that nothi",,,,,Yes,,,No,16,"o file notice; however, the Commission can consider the conduct of the parties and circumstances of the case to arrive at an appropriate amount of penalty. 44. In the instant matter, the Acquirers by consummating the transaction without filing a notice contravened the provisions of Section 43A read with Section 6(2) and Section 6(2A) of the Act. Therefore, they cannot be exculpated of their statutory obligation thereunder. In fact,",
CCI-1688,Share Purchase,Failure to notify,"Pursuant to direction of the Commission, a show cause notice was issued to Allcargo on 9th January 2025 (SCN) vide which it was called upon to show cause, in writing, within fifteen (15) days of the receipt of the SCN as to why penalty should not be imposed upon it, in terms of Section 43A of the Act for failure to file notice for the Transaction in terms of Section 6(2) of the Act",Failure to notify,,,Mitigating factors 17.,,"facts and circumstances of the instant matter and the conduct of Allcargo during the proceedings, the Commission considers it appropriate to impose a penalty of INR 50,00,000 (Rupees Fifty Lakhs Only) on Allcargo. Allcargo is directed to pay the penalty within 60 days from the date of receipt of this order. 26. It is made","Proceedings against Allcargo Logistics Limited under Section 43A of the Competition Act, 2002 CORAM: Ms","facts and circumstances of the instant matter and the conduct of Allcargo during the proceedings, the Commission considers it appropriate to impose a penalty of INR 50,00,000 (Rupees Fifty Lakhs Only) on Allcargo. Allcargo is directed to pay the penalty within 60 days from the date of receipt of this order. 26. It is made",,,,,,,,,4,"CN) vide which it was called upon to show cause, in writing, within fifteen (15) days of the receipt of the SCN as to why penalty should not be imposed upon it, in terms of Section 43A of the Act for failure to file notice for the Transaction in terms of Section 6(2) of the Act. II. Submissions of Allcargo 9. Allcargo filed the response to the SCN on 27th February 2025 after seeking an extension of time, along with a r",
CCI-1664,Amalgamation,Failure to notify,It is to be noted that failure to give notice in accordance with sub-section (2) of Section 6 of the Act attractspenalty under Section 43A of the Act,Failure to notify,Yes,Full,,,"facts and circumstances of the case and the conduct of the parties in the matter, the Commission decides to take a lenient view and impose a nominal penalty of INR 20,00,000 (INR Twenty Lakh only) in the matter. The penalty shall be paid within 60 days from the date of receipt of this order. 39. It is made clear that noth","Proceedings under Section 43A of the Competition Act, 2002 (Act) in relation to notice filed under sub-section (2) of Section 6 of the Act by Manipal Health Systems Private Limited and MEMG Family Office LLP CORAM: Ms","facts and circumstances of the case and the conduct of the parties in the matter, the Commission decides to take a lenient view and impose a nominal penalty of INR 20,00,000 (INR Twenty Lakh only) in the matter. The penalty shall be paid within 60 days from the date of receipt of this order. 39. It is made clear that noth",14526000000.0,,,,,,,Yes,13,"i.e.,6 to 8 (both inclusive), 21 to 24 (both inclusive), 28, 30, 34 & 38 of the Competition (Amendment) Act, 2023. Combination Registration No. C-2024/05/1142 Page 13 of 14 34. It is to be noted that failure to give notice in accordance with sub-section (2) of Section 6 of the Act attractspenalty under Section 43A of the Act. Section 43A2 of the Act states: “Power to impose penalty for non-furnishing of information on",
CCI-1603,Acquisition,Failure to notify,There is no failure to give notice under Section 6(2) of the Act,Failure to notify,,Full,"mitigating factors, it is evident that the Combination did not meet the criteria of Green Channel prescribed under Schedule III of the Combination Regulations.",,"ation Regulations. 37. Thus, considering the facts and circumstances of the case and the conduct of the Acquirers, the Commission decides to impose a penalty of INR 4,00,000 (Rupees Four Lakhs Only) on the Acquirers under Section 43A of the Act and not to impose penalty under Section 44 of the Act. The Acquirers shall pay",,"ation Regulations. 37. Thus, considering the facts and circumstances of the case and the conduct of the Acquirers, the Commission decides to impose a penalty of INR 4,00,000 (Rupees Four Lakhs Only) on the Acquirers under Section 43A of the Act and not to impose penalty under Section 44 of the Act. The Acquirers shall pay",,,,,,,,,8,"xhibited certain vertical or complementary interface/ overlaps and the Combination could not be filed under the Green Channel Route. Accordingly, the Acquirers submitted the following: i. There is no failure to give notice under Section 6(2) of the Act. Further, there are no false statements or misrepresentations of any facts to the best of Acquirers’ knowledge, and there is no failure on the part of the Acquirers to d",
CCI-1565,Amalgamation,Failure to notify,It is to be noted that failure to give notice in accordance with sub-section (2) of Section 6 of the Act attracts penalty under Section 43A of the Act,Failure to notify,,Full,mitigating factors mentioned in para 34 above and the conduct of the parties whereby they disclosed the change in transaction structure voluntarily and extended cooperation and provided the material/documents as sought by the Commission.,,"facts and circumstances of the case and the conduct of the parties in the matter, the Commission decides to take a lenient view and impose a nominal penalty of INR 5,00,000 (INR Five Lakh only) in the matter. The penalty shall be paid within 60 days from the date of receipt of this order. 1 Civil Appeal No.13578 OF 2015",,"facts and circumstances of the case and the conduct of the parties in the matter, the Commission decides to take a lenient view and impose a nominal penalty of INR 5,00,000 (INR Five Lakh only) in the matter. The penalty shall be paid within 60 days from the date of receipt of this order. 1 Civil Appeal No.13578 OF 2015",,,,,,,,Yes,20,ub-section (2) of Section 6 and sub-section (2A) of Section 6 of the Act as a result of the part-consummation of the combination prior to filing Notice with the Commission. 49. It is to be noted that failure to give notice in accordance with sub-section (2) of Section 6 of the Act attracts penalty under Section 43A of the Act. Section 43A of the Act states: “Power to impose penalty for non-furnishing of information on,
CCI-1518,Share Subscription,Failure to notify,"Accordingly, the Commission issued a Show Cause Notice (SCN) under Regulation 48 of the Competition Commission of India (General) Regulations, 2009 read with Section 43A of the Act to GS on 25th May 2023 directing GS to show cause, in writing, as to why Page 4 of 13 penalty should not be imposed upon it, in terms of Section 43A of the Act for failure to file notice under Section 6(2) of the Act",Failure to notify,,,,,"ring the facts and circumstances of the instant matter, the conduct of GS during the proceedings, the Commission considers it appropriate to impose a penalty of INR 40,00,000 (Rupees Forty Lakhs Only) on GS, which is directed to pay the penalty within 60 days from the date of receipt of this order. 35. It is made clear tha","Proceedings against Goldman Sachs (India) Alternative Investment Management Private Limited under Section 43A of the Competition Act, 2002 CORAM: Ms","ring the facts and circumstances of the instant matter, the conduct of GS during the proceedings, the Commission considers it appropriate to impose a penalty of INR 40,00,000 (Rupees Forty Lakhs Only) on GS, which is directed to pay the penalty within 60 days from the date of receipt of this order. 35. It is made clear tha",,,,,,,Yes,,4,"09 read with Section 43A of the Act to GS on 25th May 2023 directing GS to show cause, in writing, as to why Page 4 of 13 penalty should not be imposed upon it, in terms of Section 43A of the Act for failure to file notice under Section 6(2) of the Act. 9. GS filed the response to the SCN on 29th June 2023 after seeking an extension of time, along with a request for an oral hearing in the matter (Response to SCN). 10.",
CCI-1520,Amalgamation,Pre-closing consummation,"Accordingly, the Commission directed to issue a Show Cause Notice (SCN) to TPL under Section 43A of the Competition Act read with Regulation 48 of the Competition Commission of India (General) Regulations, 2009, to explain, in writing, as to why there is no contravention of the provisions of the Competition Act and why penalty should not be imposed upon it in terms of Section 43A of the Competition Act for failure to file notice in terms of Section 6(2) of the Competition Act by consummating the Transaction before the expiry of period specified under Section 6 (2A) of the Competition Act",Pre-closing consummation,Yes,Full,"mitigating factors while determining extent of violation and penalty under the provisions of section 43A of the Competition Act and accordingly, the Commission decides not to impose any penalty on TPL.",,"factors while determining extent of violation and penalty under the provisions of section 43A of the Competition Act and accordingly, the Commission decides not to impose any penalty on TPL. 46. It is made clear that nothing used in this order shall be deemed to be confidential or deemed to have been granted confidentiality, as th","Proceedings against Torrent Power Limited under Section 43A of the Competition Act, 2002 CORAM: Ms","factors while determining extent of violation and penalty under the provisions of section 43A of the Competition Act and accordingly, the Commission decides not to impose any penalty on TPL. 46. It is made clear that nothing used in this order shall be deemed to be confidential or deemed to have been granted confidentiality, as th",5550000000.0,,,,Yes,,,Yes,6,"sions of the Competition Act and why penalty should not be imposed upon it in terms of Section 43A of the Competition Act for failure to file notice in terms of Section 6(2) of the Competition Act by consummating the Transaction before the expiry of period specified under Section 6 (2A) of the Competition Act. 13. Pursuant to direction of the Commission the SCN was issued to TPL vide letter dated 25th January 2024. TPL, after seeki",
CCI-1462,,Failure to notify,"As the Combination has already been consummated, the Acquirers are liable for penalty under Section 43A of the Act, which reads as under: “If any person or enterprise fails to give notice under Section 6(2) of the Act, the Commission shall impose on such person or enterprise a penalty which may extend to one per cent of the total turnover or the assets, whichever is higher, of such a combination” 30",Failure to notify,,Full,,,"icable regulations. 32. Thus, considering the facts and circumstances of the case and the conduct of the Acquirer, the Commission decides to impose a penalty of INR 10,00,000 (Rupees Ten Lakhs Only) on the Acquirer under section 43A of the Act and not to impose penalty under section 44 of the Act. The Acquirer shall pay th",,"icable regulations. 32. Thus, considering the facts and circumstances of the case and the conduct of the Acquirer, the Commission decides to impose a penalty of INR 10,00,000 (Rupees Ten Lakhs Only) on the Acquirer under section 43A of the Act and not to impose penalty under section 44 of the Act. The Acquirer shall pay th",,,,,,,,,13,"o Combination is void ab initio. As the Combination has already been consummated, the Acquirers are liable for penalty under Section 43A of the Act, which reads as under: “If any person or enterprise fails to give notice under Section 6(2) of the Act, the Commission shall impose on such person or enterprise a penalty which may extend to one per cent of the total turnover or the assets, whichever is higher, of such a",no recognised transaction-type pattern found
CCI-1313,Amalgamation,Failure to notify,"Section 43A of the Act provides that if any person or enterprise fails to give notice to the Commission under Section 6(2) of the Act, the Commission shall impose on such person or enterprise a penalty which may extend to 1% of the total turnover or the assets, whichever is higher, of such a combination",Failure to notify,,,,,"017/05/510 and C-2017/05/509 dated 27th August 2018, 11th May 2018 and 11th May 2018, respectively Page 16 of 16 considers it appropriate to impose a penalty of INR 1,00,00,000 (Indian Rupees One Crore only) on BAL (being the acquirer in Step 1 of the Transaction), which is directed to pay the penalty within 60 days from the","Proceedings against Bharti Airtel Limited and Lion Meadow Investment Limited under Section 43A of the Competition Act, 2002 CORAM: Ms","017/05/510 and C-2017/05/509 dated 27th August 2018, 11th May 2018 and 11th May 2018, respectively Page 16 of 16 considers it appropriate to impose a penalty of INR 1,00,00,000 (Indian Rupees One Crore only) on BAL (being the acquirer in Step 1 of the Transaction), which is directed to pay the penalty within 60 days from the",,,,,,,,,15,"step of the Transaction, jointly by both the Parties, with BAL being the acquirer in Step 1 and LMIL being the acquirer in Step 2. 49. Section 43A of the Act provides that if any person or enterprise fails to give notice to the Commission under Section 6(2) of the Act, the Commission shall impose on such person or enterprise a penalty which may extend to 1% of the total turnover or the assets, whichever is higher, of",
CCI-1312,Joint Venture,Failure to notify,"In view of the foregoing, the Commission is of the opinion that NTPC, by consummating the Concerned Transaction without filing a notice with the Commission in terms of Section 6(2) of the Act prior to acquisition, has contravened the provisions of Section 6(2) read with Section 6(2A) of the Act, and hence, is liable to a penalty under Section 43A of the Act, which reads as under: “If any person or enterprise who fails to give notice to the Commission under sub- section (2) of Section 6, the Commission shall impose on such person or enterprise a penalty which may extend to one per cent of the total turnover or assets, whichever is higher, of such a combination",Failure to notify,,Full,"mitigating factors: (i) NTPC did not conceal any transaction and on their own volition disclosed to the Commission the consummation of three transactions, i.",,"the Concerned Transaction. 25. Thus, considering the facts and circumstances of the case and the conduct of NTPC, the Commission decides to impose a penalty of INR 40,00,000 (INR Forty Lakh only) on NTPC. NTPC shall pay the penalty within 60 days from the date of receipt of this order. 26. The Secretary is directed to inf","Proceedings against NTPC Limited under Section 43A of the Competition Act, 2002 CORAM: Ms","the Concerned Transaction. 25. Thus, considering the facts and circumstances of the case and the conduct of NTPC, the Commission decides to impose a penalty of INR 40,00,000 (INR Forty Lakh only) on NTPC. NTPC shall pay the penalty within 60 days from the date of receipt of this order. 26. The Secretary is directed to inf",,,,,,,,,9,"s contravened the provisions of Section 6(2) read with Section 6(2A) of the Act, and hence, is liable to a penalty under Section 43A of the Act, which reads as under: “If any person or enterprise who fails to give notice to the Commission under sub- section (2) of Section 6, the Commission shall impose on such person or enterprise a penalty which may extend to one per cent of the total turnover or assets, whichever i",
CCI-1308,Acquisition,Delayed notification,The inadvertent error which led to the delayed filing was a bona fide mistake that occurred at Meritor’s behest,Delayed notification,,,"mitigating factors submitted by Cummins, the Commission considers it appropriate to impose a penalty of INR 10,00,000 (INR Ten lakh) on Cummins.",,"the case, etc. 21. Considering the case in toto, and the mitigating factors submitted by Cummins, the Commission considers it appropriate to impose a penalty of INR 10,00,000 (INR Ten lakh) on Cummins. Cummins shall pay the penalty within 60 days from the date of receipt of this order. 22. It is made clear that nothing con",Proceedings against Cummins Inc,"the case, etc. 21. Considering the case in toto, and the mitigating factors submitted by Cummins, the Commission considers it appropriate to impose a penalty of INR 10,00,000 (INR Ten lakh) on Cummins. Cummins shall pay the penalty within 60 days from the date of receipt of this order. 22. It is made clear that nothing con",,,,,,,,Yes,3,"or prior to closing might have been incorrect. The revised figures showed that Meritor’s turnover in India exceeded the De Minimis Exemption turnover threshold. The inadvertent error which led to the delayed filing was a bona fide mistake that occurred at Meritor’s behest. During the hearing, it was clarified that certain figure related to India was inadvertently assigned to some other country. It has been subm",
CCI-1307,Share Subscription,Failure to notify,"Section 43A of the Act provides that if any person or enterprise fails to give notice to the Commission under Section 6(2) of the Act, the Commission shall impose on such person or enterprise a penalty which may extend to 1% of the total turnover or the assets, whichever is higher, of such a combination",Failure to notify,,Full,"mitigating factors submitted by Axis Bank, the Commission considers it appropriate to impose a penalty of INR 40,00,000 (INR Forty Lakh only) on Axis Bank.",,"facts and circumstances of the case in toto, including mitigating factors submitted by Axis Bank, the Commission considers it appropriate to impose a penalty of INR 40,00,000 (INR Forty Lakh only) on Axis Bank. Axis Bank shall pay the penalty within 60 days from the date of receipt of this order. 31. It is made clear that","Proceedings against Axis Bank Limited under Section 43A of the Competition Act, 2002 CORAM: Ms","facts and circumstances of the case in toto, including mitigating factors submitted by Axis Bank, the Commission considers it appropriate to impose a penalty of INR 40,00,000 (INR Forty Lakh only) on Axis Bank. Axis Bank shall pay the penalty within 60 days from the date of receipt of this order. 31. It is made clear that",,,,,,,,,6,"ikely to cause an appreciable adverse effect on competition in India, notice under Section 6(2) of the Act need not normally be filed. Section 43A of the Act provides that if any person or enterprise fails to give notice to the Commission under Section 6(2) of the Act, the Commission shall impose on such person or enterprise a penalty which may extend to 1% of the total turnover or the assets, whichever is higher, of",
CCI-1306,Amalgamation,Failure to notify,"The Commission Page 8 of 8 concludes that de minimis exemption was not available to the Transaction and thus, MassMutual failed to give notice to the Commission in terms of Section 6(2) of the Act",Failure to notify,,,,,"ver is higher. Considering the circumstances of the instant matter and the conduct of MassMutual, the Commission considers it appropriate to impose a penalty of INR 5,00,000 (Indian Rupees Five Lakh only) on MassMutual, which is directed to pay the penalty within 60 days from the date of receipt of this order. 21. The Sec","Proceedings under Section 43A of the Competition Act, 2002 against Massachusetts Mutual Life Insurance Company CORAM: Ms","ver is higher. Considering the circumstances of the instant matter and the conduct of MassMutual, the Commission considers it appropriate to impose a penalty of INR 5,00,000 (Indian Rupees Five Lakh only) on MassMutual, which is directed to pay the penalty within 60 days from the date of receipt of this order. 21. The Sec",,,,,,,,,8,"iled to account for the presence of the Invesco Mutual Fund business in India. The Commission Page 8 of 8 concludes that de minimis exemption was not available to the Transaction and thus, MassMutual failed to give notice to the Commission in terms of Section 6(2) of the Act. 20. Section 43A of the Act provides that if any person or enterprise fails to give notice to the Commission under Section 6(2) of the Act, the C",
CCI-1293,Amalgamation,Multiple / mixed conduct,"B, by consummating the Combination without filing a notice with the Commission in terms of Section 6(2) of the Act, has contravened the provisions of Section 6(2A) of the Act and hence, is liable for penalty under Section 43A of the Act, which reads as under: “If any person or enterprise who fails to give notice to the Commission under sub- section (2) of section 6, the Commission shall impose on such person or enterprise a penalty which may extend to one percent, of the total turnover or the assets, whichever is higher, of such a combination” 19",Pre-closing consummation; Delayed notification,,Full,"mitigating factors, they do not absolve B.",,"indings of contravention. 21. Thus, considering the facts and circumstances of the case and the conduct of B.O.B, the Commission decides to imposes a penalty of INR 5,00,000/- (Rupees Five Lakh only) on B.O.B. The B.O.B, shall pay the penalty within 60 days from the date of receipt of this order. 22. The Secretary is dire","Proceedings against Bank of Baroda under Section 43A of the Competition Act, 2002 CORAM: Ms","indings of contravention. 21. Thus, considering the facts and circumstances of the case and the conduct of B.O.B, the Commission decides to imposes a penalty of INR 5,00,000/- (Rupees Five Lakh only) on B.O.B. The B.O.B, shall pay the penalty within 60 days from the date of receipt of this order. 22. The Secretary is dire",,,,,Yes,,,Yes,6,"red mitigating factors, they do not absolve B.O.B of its obligation to file a notice prior to the consummation of the Combination. 18. Thus, in light of the above, the Commission finds that B.O.B, by consummating the Combination without filing a notice with the Commission in terms of Section 6(2) of the Act, has contravened the provisions of Section 6(2A) of the Act and hence, is liable for penalty under Section 43A of the Act, whic",
CCI-1234,Share Purchase,Failure to notify,"Section 43A of the Act provides that if any person or enterprise fails to give notice to the Commission under Section 6(2) of the Act, the Commission shall impose on such person or enterprise a penalty which may extend to 1% of the total turnover or the assets, whichever is higher, of such a combination",Failure to notify,Yes,,,,"which is false in any material particular, or knowing it to be false. 36. Considering the facts and circumstances of the case, the Commission considers it appropriate to impose a penalty of Rs. 5,00,000 (INR Five Lakh) under Section 43A of the Act, and of INR 50,00,000 (INR Fifty Lakh) under Section 44 of the Act, on the Acquirers. The Acquirers shall be jointly and severally liable to pay the","Proceedings against Platinum Jasmine A 2018 Trust, acting through its trustee Platinum Owl C 2018 RSC Limited, and TPG Upswing Ltd","which is false in any material particular, or knowing it to be false. 36. Considering the facts and circumstances of the case, the Commission considers it appropriate to impose a penalty of Rs. 5,00,000 (INR Five Lakh) under Section 43A of the Act, and of INR 50,00,000 (INR Fifty Lakh) under Section 44 of the Act, on the Acquirers. The Acquirers shall be jointly and severally liable to pay the",,,,,,,,,8,"ion shall be void ab initio and the Commission shall deal with the combination in accordance with the provisions contained in the Act. Section 43A of the Act provides that if any person or enterprise fails to give notice to the Commission under Section 6(2) of the Act, the Commission shall impose on such person or enterprise a penalty which may extend to 1% of the total turnover or the assets, whichever is higher, of",
CCI-1215,Amalgamation,Pre-closing consummation,"Thus, based on the analysis of the response of the Acquirers, the Commission is of the opinion that, in consummating the Combination without the approval of the Commission, the Acquirers have failed to file a notice for the Combination in accordance with Section 6(2) of the Act, which reads as under: “Subject to the provisions contained in sub-section (1), any person or enterprise, who or which proposes to enter into a combination, [shall] give notice to the Commission, in the form as may be specified, and the fee which may be determined, by regulations, disclosing the details of the proposed combination, within [thirty days] of— (a) approval of the proposal relating to merger or amalgamation, referred to in clause (c) of section 5, by the board of directors of the enterprises concerned with such merger or amalgamation, as the case may be; (b) execution of any agreement or other document for acquisition referred to in clause (a) of section 5 or acquiring of control referred to in clause (b) of that section",Pre-closing consummation,,,mitigating factors as well as the aggravating factors.,aggravating factors.,"considered the mitigating factors as well as the aggravating factors. In view of the foregoing, the Commission considered it appropriate to impose a penalty of INR 20,00,000 (Indian Rupees Twenty lakh only) on the Acquirers. The Acquirers are directed to pay the penalty within 60 days from the date of receipt of this orde","Proceedings against PI Opportunities Fund – I and Pioneer Investment Fund under Section 43A of the Competition Act, 2002 CORAM: Mr","considered the mitigating factors as well as the aggravating factors. In view of the foregoing, the Commission considered it appropriate to impose a penalty of INR 20,00,000 (Indian Rupees Twenty lakh only) on the Acquirers. The Acquirers are directed to pay the penalty within 60 days from the date of receipt of this orde",,,,,Yes,,,No,15,"these other issues are not relevant and no determinative finding is required for the same. 46. Thus, based on the analysis of the response of the Acquirers, the Commission is of the opinion that, in consummating the Combination without the approval of the Commission, the Acquirers have failed to file a notice for the Combination in accordance with Section 6(2) of the Act, which reads as under: “Subject to the provisions contained i",
CCI-1216,Amalgamation,Pre-closing consummation,"Thus, based on the analysis of the response of Trian, the Commission is of the opinion that, in consummating the Transaction without approval of the Commission, Trian has failed to file a notice for the Transaction in accordance with Section 6(2) of the Act, which reads as under: Page 18 of 19 “Subject to the provisions contained in sub-section (1), any person or enterprise, who or which proposes to enter into a combination, [shall] give notice to the Commission, in the form as may be specified, and the fee which may be determined, by regulations, disclosing the details of the proposed combination, within [thirty days] of— (a) approval of the proposal relating to merger or amalgamation, referred to in clause (c) of section 5, by the board of directors of the enterprises concerned with such merger or amalgamation, as the case may be; (b) execution of any agreement or other document for acquisition referred to in clause (a) of section 5 or acquiring of control referred to in clause (b) of that section",Pre-closing consummation,,,mitigating factors as well as the aggravating factors.,aggravating factors.,"considered the mitigating factors as well as the aggravating factors. In view of the foregoing, the Commission considered it appropriate to impose a penalty of INR 20,00,000 (Indian Page 19 of 19 Rupees Twenty lakh only) on the Acquirers. The Acquirers are directed to pay the penalty within 60 days from the date of receip","Proceedings against Trian Partners AM Holdco, Ltd","considered the mitigating factors as well as the aggravating factors. In view of the foregoing, the Commission considered it appropriate to impose a penalty of INR 20,00,000 (Indian Page 19 of 19 Rupees Twenty lakh only) on the Acquirers. The Acquirers are directed to pay the penalty within 60 days from the date of receip",,,,,Yes,,,No,18,"itions on the Board, which allowed Trian to participate in the management or affairs of the Target. 52. Thus, based on the analysis of the response of Trian, the Commission is of the opinion that, in consummating the Transaction without approval of the Commission, Trian has failed to file a notice for the Transaction in accordance with Section 6(2) of the Act, which reads as under: Page 18 of 19 “Subject to the provisions contained",
CCI-1202,Acquisition,Failure to notify,"In this regard, the Commission notes that the instant proceedings are not limited to the inquiry under Section 20(1) of the Act but also under Section 43A of the Act to ascertain whether the parties have failed to give notice to the Commission in terms of Section 6(2) of the Act, in respect of the Acquisition",Failure to notify,,Partial,,,"nd has thus, saved regulatory resources. Keeping these in mind as well as the submissions of GIP, the Commission considers it appropriate to impose a penalty of INR 30,00,000 (Indian Rupees Thirty Lakh) on GIP under Section 43A of the Act. It is ordered accordingly. GIP shall pay the penalty within 60 days from the date of","Proceedings against Global Infrastructure Partners India Private Limited under Section 43A of the Competition Act, 2002 CORAM: Mr","nd has thus, saved regulatory resources. Keeping these in mind as well as the submissions of GIP, the Commission considers it appropriate to impose a penalty of INR 30,00,000 (Indian Rupees Thirty Lakh) on GIP under Section 43A of the Act. It is ordered accordingly. GIP shall pay the penalty within 60 days from the date of",,,,,,,,,2,"his regard, the Commission notes that the instant proceedings are not limited to the inquiry under Section 20(1) of the Act but also under Section 43A of the Act to ascertain whether the parties have failed to give notice to the Commission in terms of Section 6(2) of the Act, in respect of the Acquisition. The Commission further notes that the period of limitation contained in Section 20(1) of the Act is not applicabl",
CCI-1194,Amalgamation,Pre-closing consummation,"In this regard, it submitted that it did not give effect to or consummate the Combination prior to the Commission’s approval order dated 2nd September 2020 and adhered to the standstill obligations, which are substantively reflected in the structure of the Combination and the Escrow and Control Agreement",Pre-closing consummation,,,mitigating factors: (a) that there was no mala fide intention to evade compliance of the provisions of the Act; (b) parties had voluntarily given notice under Section 6(2) of the Competition Act; and (c) parties had co-operated with the Commission.,,"Competition Act; and (c) parties had co-operated with the Commission. In view of the foregoing, the Commission considered it appropriate to impose a penalty of INR 5,00,000 (Indian Rupees Five Lakh only) on the Acquirer, as a fine for violation of standstill obligations without filing of notice under Section 6(2) of the",Proceedings against SABIC International Holdings B,"Competition Act; and (c) parties had co-operated with the Commission. In view of the foregoing, the Commission considered it appropriate to impose a penalty of INR 5,00,000 (Indian Rupees Five Lakh only) on the Acquirer, as a fine for violation of standstill obligations without filing of notice under Section 6(2) of the",,,,,Yes,,,No,5,"ction 6(2A) of the Competition Act; and (ii) not give effect to or consummate the Combination until receiving the Commission’s approval. In this regard, it submitted that it did not give effect to or consummate the Combination prior to the Commission’s approval order dated 2nd September 2020 and adhered to the standstill obligations, which are substantively reflected in the structure of the Combination and the Escrow and Control Ag",
CCI-1193,Amalgamation,Failure to notify,"” Accordingly, the First Acquisition attracts a penalty under Section 43A of the Act, which reads as under: “If any person or enterprise who fails to give notice to the Commission under sub section (2) of section 6, the Commission shall impose on such person or enterprise a penalty which may extend to one percent of the total turnover or the assets, whichever is higher, of such a combination",Failure to notify,,,,aggravating factor.,"ted the combination, which may be considered as an aggravating factor. In view of the foregoing, the Commission considered it appropriate to impose a penalty of INR 40,00,000 (Indian Rupees Forty Lakh only) on the Acquirer. The Acquirer is directed to pay the penalty within sixty days from the date of receipt of this order",Proceedings against SABIC International Holdings B,"ted the combination, which may be considered as an aggravating factor. In view of the foregoing, the Commission considered it appropriate to impose a penalty of INR 40,00,000 (Indian Rupees Forty Lakh only) on the Acquirer. The Acquirer is directed to pay the penalty within sixty days from the date of receipt of this order",,,,,,,,No,14,"n has passed orders under section 31, whichever is earlier.” Accordingly, the First Acquisition attracts a penalty under Section 43A of the Act, which reads as under: “If any person or enterprise who fails to give notice to the Commission under sub section (2) of section 6, the Commission shall impose on such person or enterprise a penalty which may extend to one percent of the total turnover or the assets, whichever",
CCI-1147,Joint Venture,Failure to notify,"Moreover, Suez has failed to demonstrate any prejudice/injury caused to Suez or competition in India by Veolia‟s alleged failure to notify the acquisition of the Engie Block Transaction",Failure to notify,,Full,mitigating factors and impose no penalty on Veolia.,,"the proposed combination. 43. Thus, considering the facts and circumstances of the case and the conduct of Veolia, the Commission decides to impose a penalty of INR 1,00,00,000/- (Rupees One Crore Only) on Veolia. Veolia shall pay the penalty within 60 days from the date of receipt of this order. 44. Further, it is made clea",Proceedings against Veolia Environnement S,"the proposed combination. 43. Thus, considering the facts and circumstances of the case and the conduct of Veolia, the Commission decides to impose a penalty of INR 1,00,00,000/- (Rupees One Crore Only) on Veolia. Veolia shall pay the penalty within 60 days from the date of receipt of this order. 44. Further, it is made clea",,,,,,,,Yes,11,"fferent segments of the overall market for waste management services in India. Moreover, Suez has failed to demonstrate any prejudice/injury caused to Suez or competition in India by Veolia‟s alleged failure to notify the acquisition of the Engie Block Transaction. 27. Further, Veolia submitted that competition regulators in other jurisdictions, such as Europe or Canada, where Suez had claimed similar gun-jumping",
CCI-1146,Amalgamation,Failure to notify,"In view of the foregoing, it emerges that Allcargo, by acquisition of shares of GATI without filing a notice with the Commission in terms of Section 6(2) of the Act prior to acquisition, has contravened the provisions of Section 6(2A) of the Act, and hence, is liable to a penalty under Section 43A of the Act, which reads as under: “If any person or enterprise who fails to give notice to the Commission under sub- section (2) of Section 6, the Commission shall impose on such person or enterprise a penalty which may extend to one per cent of the total turnover or assets, whichever is higher, of such a combination",Failure to notify,,Full,mitigating factors.,,"2. Thus, considering the facts and circumstances of the case and the conduct of Allcargo, the Commission decides to take a lenient view and imposes a penalty of INR Twenty Lakhs (INR 20,00,000/-) on Allcargo. Allcargo shall pay the penalty within 60 days from the date of receipt of this order 23. The Secretary is directed to inform Allcargo","Proceedings against Allcargo Logistics Limited under Section 43A of the Competition Act, 2002 CORAM: Mr","2. Thus, considering the facts and circumstances of the case and the conduct of Allcargo, the Commission decides to take a lenient view and imposes a penalty of INR Twenty Lakhs (INR 20,00,000/-) on Allcargo. Allcargo shall pay the penalty within 60 days from the date of receipt of this order 23. The Secretary is directed to inform Allcargo",,,,,,,,Yes,6,"rior to acquisition, has contravened the provisions of Section 6(2A) of the Act, and hence, is liable to a penalty under Section 43A of the Act, which reads as under: “If any person or enterprise who fails to give notice to the Commission under sub- section (2) of Section 6, the Commission shall impose on such person or enterprise a penalty which may extend to one per cent of the total turnover or assets, whichever i",
CCI-340,Amalgamation,Pre-closing consummation,"It was noted by the Commission that TPCL should have filed the notice for approval of the Commission on the acceptance of the LOI; however, it proceeded to consummate the Combination without doing so",Pre-closing consummation,,Full,mitigating factors.,,"closed by TPCL, who have extended full cooperation in furnishing the information, the Commission decides to take a lenient view and imposes a nominal penalty of INR Five Lakhs (INR 5,00,000/-) on TPCL. TPCL shall pay the penalty within 60 days from the date of receipt of this order. 28. The Secretary is directed to communicate to TPCL ac","Proceedings against Tata Power Company Limited under Section 43A of the Competition Act, 2002 CORAM: Mr","closed by TPCL, who have extended full cooperation in furnishing the information, the Commission decides to take a lenient view and imposes a nominal penalty of INR Five Lakhs (INR 5,00,000/-) on TPCL. TPCL shall pay the penalty within 60 days from the date of receipt of this order. 28. The Secretary is directed to communicate to TPCL ac",,,,,Yes,,,Yes,4,"en consummated before filing of the notice. It was noted by the Commission that TPCL should have filed the notice for approval of the Commission on the acceptance of the LOI; however, it proceeded to consummate the Combination without doing so. Thus, the Commission was of the prima facie view that TPCL had not only failed to give notice of the combination within the stipulated time under Section 6(2) of the Act but also consummate",
CCI-344,Amalgamation,Pre-closing consummation,"It was noted by the Commission that TPCL should have filed the notice for approval of the Commission on the acceptance of the LOI; however, it proceeded to consummate the Combination without doing so",Pre-closing consummation,,Full,mitigating factors.,,"closed by TPCL, who have extended full cooperation in furnishing the information, the Commission decides to take a lenient view and imposes a nominal penalty of INR Five Lakhs (INR 5,00,000/-) on TPCL. TPCL shall pay the penalty within 60 days from the date of receipt of this order. 28. The Secretary is directed to communicate to TPCL ac","Proceedings against Tata Power Company Limited under Section 43A of the Competition Act, 2002 CORAM: Mr","closed by TPCL, who have extended full cooperation in furnishing the information, the Commission decides to take a lenient view and imposes a nominal penalty of INR Five Lakhs (INR 5,00,000/-) on TPCL. TPCL shall pay the penalty within 60 days from the date of receipt of this order. 28. The Secretary is directed to communicate to TPCL ac",,,,,Yes,,,Yes,4,"en consummated before filing of the notice. It was noted by the Commission that TPCL should have filed the notice for approval of the Commission on the acceptance of the LOI; however, it proceeded to consummate the Combination without doing so. Thus, the Commission was of the prima facie view that TPCL had not only failed to give notice of the combination within the stipulated time under Section 6(2) of the Act but also consummate",
CCI-234,Amalgamation,Pre-closing consummation,"It was noted by the Commission that TPCL should have filed the notice for approval of the Commission on the acceptance of the LOI; however, it proceeded to consummate the Combination without doing so",Pre-closing consummation,,Full,mitigating factors.,,"closed by TPCL, who have extended full cooperation in furnishing the information, the Commission decides to take a lenient view and imposes a nominal penalty of INR Five Lakhs (INR 5,00,000/-) on TPCL. TPCL shall pay the penalty within 60 days from the date of receipt of this order. 29. The Secretary is directed to communicate to TPCL ac","Proceedings against Tata Power Company Limited under Section 43A of the Competition Act, 2002 CORAM: Mr","closed by TPCL, who have extended full cooperation in furnishing the information, the Commission decides to take a lenient view and imposes a nominal penalty of INR Five Lakhs (INR 5,00,000/-) on TPCL. TPCL shall pay the penalty within 60 days from the date of receipt of this order. 29. The Secretary is directed to communicate to TPCL ac",,,,,Yes,,,Yes,4,"en consummated before filing of the notice. It was noted by the Commission that TPCL should have filed the notice for approval of the Commission on the acceptance of the LOI; however, it proceeded to consummate the Combination without doing so. Thus, the Commission was of the prima facie view that TPCL had not only failed to give notice of the combination within the stipulated time under Section 6(2) of the Act but also consummate",
CCI-347,Amalgamation,Failure to notify,"The Commission was of the prima facie view that the Clause may have had the impact of consummating a part of the Combination before the expiry of the period specified under Section 6(2A) of the Act, and by agreeing to the same, the Acquirer failed to file notice in terms of Section 6(2) of the Act",Failure to notify,,,,,"ns/arrangements in general and specific to the information exchange and as regards the quantum of penalty, the Commission decided to impose a nominal penalty of INR 5,00,000/- (INR Five lakh only) on AGEL. AGEL shall pay the penalty within 60 days from the date of receipt of this order. 61. The Secretary is directed to in","Proceedings against Adani Green Energy Limited under Section 43A of the Competition Act, 2002 CORAM: Mr","ns/arrangements in general and specific to the information exchange and as regards the quantum of penalty, the Commission decided to impose a nominal penalty of INR 5,00,000/- (INR Five lakh only) on AGEL. AGEL shall pay the penalty within 60 days from the date of receipt of this order. 61. The Secretary is directed to in",,,,,,,,Yes,4,"w that the Clause may have had the impact of consummating a part of the Combination before the expiry of the period specified under Section 6(2A) of the Act, and by agreeing to the same, the Acquirer failed to file notice in terms of Section 6(2) of the Act. Accordingly, the Commission issued SCN under Section 43A of the Act on 14th August 2021. 8. The observations of the Commission in the SCN are as under: i. The pur",
CCI-1099,Joint Venture,Failure to notify,"As per section 43A of the Act, failure to file notice in terms of the provisions of sub-section (2) of Section 6 of the Act is liable for penalty",Failure to notify,,,,,"COMPETITION COMMISSION OF INDIA Fair Competition For Greater Good C-2014/06/181 Page 7 of 7 Commission considered it appropriate to impose a nominal penalty of INR 3,00,00,000 (INR Three Crores only) on the Acquirers. The Acquirers shall pay the penalty within sixty (60) days from the date of receipt of this order. 13. The",,"COMPETITION COMMISSION OF INDIA Fair Competition For Greater Good C-2014/06/181 Page 7 of 7 Commission considered it appropriate to impose a nominal penalty of INR 3,00,00,000 (INR Three Crores only) on the Acquirers. The Acquirers shall pay the penalty within sixty (60) days from the date of receipt of this order. 13. The",,,,,,,,Yes,2,"em 1 of Schedule I to the Combination Regulations. However, the Acquirers did not file a notice in terms of sub-section (2) of Section 6 of the Act for the Acquisition. As per section 43A of the Act, failure to file notice in terms of the provisions of sub-section (2) of Section 6 of the Act is liable for penalty. Therefore, the Commission in its meeting held on 4th September 2014, decided to initiate penalty proceedin",
CCI-1138,Amalgamation,Failure to notify,"In view of the above, under Sections 43A, 44 and 45 of the Act read with Regulation 48 of the Competition Commission of India (General) Regulations, 2009 you are being issued this show cause notice to explain, in writing, as to why you shall not be found to have: (a) failed to give notice in respect of FRL SHA; and (b) furnished false and incorrect information; and concealed/ suppressed material facts, in contravention of the said provisions of the Act and in which case, why no action including penalty in terms of Sections 43A, 44 and 45 of the Act, as the case may be, shall be imposed upon you",Failure to notify,,,mitigating factor.,,"tal turnover or the assets, whichever is higher, of such a combination. Accordingly, for the above mentioned reasons, the Commission hereby imposes a penalty of INR Two Hundred Crore upon Amazon. Page 57 of 57 84. Amazon is directed to pay monetary penalty as imposed vide paras 82 and 83 above, within a period of 60 days from the receipt of t",,"tal turnover or the assets, whichever is higher, of such a combination. Accordingly, for the above mentioned reasons, the Commission hereby imposes a penalty of INR Two Hundred Crore upon Amazon. Page 57 of 57 84. Amazon is directed to pay monetary penalty as imposed vide paras 82 and 83 above, within a period of 60 days from the receipt of t",,,,,,,,No,11,"with Regulation 48 of the Competition Commission of India (General) Regulations, 2009 you are being issued this show cause notice to explain, in writing, as to why you shall not be found to have: (a) failed to give notice in respect of FRL SHA; and (b) furnished false and incorrect information; and concealed/ suppressed material facts, in contravention of the said provisions of the Act and in which case, why no action",
CCI-1140,Acquisition,Failure to notify,"Accordingly, Investcorp India, being acquirers, failed to give notice to the Commission in terms of Section 6(2) of the Act",Failure to notify,,Full,,,"aterial/documents formed the basis of the above findings of contravention. Keeping these in mind, the Commission considers it appropriate to impose a penalty of INR Twenty Lakh on Investcorp India. Investcorp India shall pay the penalty within 60 days from the date of receipt of this order. 22. The Secretary is directed to inform Investcorp Ind","Proceedings against Investcorp India Asset Managers Private Limited under Section 43A of the Competition Act, 2002 CORAM: Mr","aterial/documents formed the basis of the above findings of contravention. Keeping these in mind, the Commission considers it appropriate to impose a penalty of INR Twenty Lakh on Investcorp India. Investcorp India shall pay the penalty within 60 days from the date of receipt of this order. 22. The Secretary is directed to inform Investcorp Ind",,,,,,,,,9,"Alternatives by Investcorp India was a combination in terms of Section 5 of the Act and de minimis exemption was not available in relation to the same. Accordingly, Investcorp India, being acquirers, failed to give notice to the Commission in terms of Section 6(2) of the Act. 20. In terms of Section 43A of the Act, if any person or enterprise fails to give notice under Section 6(2) of the Act, the Commission shall imp",
CCI-1137,Merger,Failure to notify,"Whether Transaction I and Transaction II are inter-connected to each other and if so, whether CPPIB and Renew failed to give notice in respect of Transaction II, in terms of Section 6(2) of the Act read with Regulations 5, 9(4) and 9(5) of the Combination Regulations; and 11",Failure to notify,,Full,,,,"Proceedings against Canada Pension Plan Investment Board and ReNew Power Limited under Chapter VI of the Competition Act, 2002 CORAM: Mr",,,,,,,,,,10,"on record. The issues that arise for determination of the Commission are as under: 11.1. Whether Transaction I and Transaction II are inter-connected to each other and if so, whether CPPIB and Renew failed to give notice in respect of Transaction II, in terms of Section 6(2) of the Act read with Regulations 5, 9(4) and 9(5) of the Combination Regulations; and 11.2. If the facts and developments regarding Transaction",
CCI-439,Acquisition,Failure to notify,"Based on the aforesaid, the Commission formed a prima facie opinion that the ER Clause may have the impact of consummating a part of the Combination before the expiry of period specified under Section 6(2A) of the Act and by agreeing to the same, Airtel has failed to file notice in terms of Section 6(2) of the Act",Failure to notify,,,mitigating factor.,,"approved the Combination on 16.11.2018) as a mitigating factor. In view of the foregoing, the Commission considers it appropriate to impose a nominal penalty of INR 10,00,000/- (INR Ten Lakhs only) on Airtel. COMPETITION COMMISSION OF INDIA (Combination Registration No. C-2017/10/531) Page 15 of 15 Fair Competition For Gre",proceedings under Section 43A of the Act,"approved the Combination on 16.11.2018) as a mitigating factor. In view of the foregoing, the Commission considers it appropriate to impose a nominal penalty of INR 10,00,000/- (INR Ten Lakhs only) on Airtel. COMPETITION COMMISSION OF INDIA (Combination Registration No. C-2017/10/531) Page 15 of 15 Fair Competition For Gre",,,,,,,,Yes,3,"e opinion that the ER Clause may have the impact of consummating a part of the Combination before the expiry of period specified under Section 6(2A) of the Act and by agreeing to the same, Airtel has failed to file notice in terms of Section 6(2) of the Act. Accordingly, a show cause notice was issued COMPETITION COMMISSION OF INDIA (Combination Registration No. C-2017/10/531) Page 3 of 15 Fair Competition For Greater",
CCI-435,Acquisition,Failure to notify,"The SCN required the Acquirers to show cause, in writing, within 15 days of receipt of the same, as to why penalty, in terms of Section 43A of the Act, should not be imposed on them for failure to file notice of the Combination in accordance with Section 6(2) of the Act and consummating a part of the Combination before expiry of time period stipulated under Section 6(2A) of the Act",Failure to notify,,Partial,,,"all the information and cooperated fully with the Commission. In view of the foregoing, the Commission considered it appropriate to impose a nominal penalty of INR 10,00,000/- (Indian Rupees Ten Lakhs only) on the Acquirers. 19. The Acquirers shall pay the penalty within sixty (60) days from the date of receipt of this or",proceedings under Section 43A of the Act,"all the information and cooperated fully with the Commission. In view of the foregoing, the Commission considered it appropriate to impose a nominal penalty of INR 10,00,000/- (Indian Rupees Ten Lakhs only) on the Acquirers. 19. The Acquirers shall pay the penalty within sixty (60) days from the date of receipt of this or",,,,,,,,Yes,2,"ns”) (“SCN”). The SCN required the Acquirers to show cause, in writing, within 15 days of receipt of the same, as to why penalty, in terms of Section 43A of the Act, should not be imposed on them for failure to file notice of the Combination in accordance with Section 6(2) of the Act and consummating a part of the Combination before expiry of time period stipulated under Section 6(2A) of the Act. The Acquirers filed th",
CCI-432,Share Purchase,Failure to notify,"If any person or enterprise who fails to give notice to the Commission under sub- section (2) of section 6, the Commission shall impose on such person or enterprise a penalty which may extend to one percent, of the total turnover or the assets, whichever is higher, of such a combination",Failure to notify,Yes,Full,"mitigating factors and considers it appropriate to impose a nominal penalty of INR 10,00,000/- (Indian Rupees Ten Lakhs only) on ATL.",,", who have extended full cooperation in furnishing the information taken these as mitigating factors and considers it appropriate to impose a nominal penalty of INR 10,00,000/- (Indian Rupees Ten Lakhs only) on ATL. 11. The Acquirers shall pay the penalty within sixty (60) days from the date of receipt of this order. 12. T",proceedings under Section 43A of the Act,", who have extended full cooperation in furnishing the information taken these as mitigating factors and considers it appropriate to impose a nominal penalty of INR 10,00,000/- (Indian Rupees Ten Lakhs only) on ATL. 11. The Acquirers shall pay the penalty within sixty (60) days from the date of receipt of this order. 12. T",,,,,,,,Yes,7,"f 11 notice in terms of Section 6(2) of the Act. Section 43A of the Act reads as under: “Power to impose penalty for non-furnishing of information on combinations 43A. If any person or enterprise who fails to give notice to the Commission under sub- section (2) of section 6, the Commission shall impose on such person or enterprise a penalty which may extend to one percent, of the total turnover or the assets, whichev",
CCI-1121,Amalgamation,Failure to notify,"Accordingly, separate show cause notices under Section 43A of the Act read with Regulation 48 of the Competition Commission of India (General) Regulations, 2009 (“General Regulations”) were issued for failure to file notice under Section 6(2) of the Act, to Telenor for Telenor Share Transaction – Tranche 1 and Telenor Share Transaction – Tranche 2 and to Telenor India for Uninor Business Transaction",Failure to notify,,Partial,Mitigating factors 12.,,"ing a notice with the Commission under Section 6(2) of the Act. In view of the foregoing, the Commission considers it appropriate to impose a nominal penalty of INR 5,00,000/- (INR Five Lakhs only) on Telenor. 26. Telenor shall pay the penalty within sixty (60) days from the date of receipt of this order. 27. The Secretar","Proceedings under Section 43A of the Competition Act, 2002 against Telenor ASA, Telenor (India) Communications Private Limited and Telenor South Asia Investments Pte Limited CORAM: Mr","ing a notice with the Commission under Section 6(2) of the Act. In view of the foregoing, the Commission considers it appropriate to impose a nominal penalty of INR 5,00,000/- (INR Five Lakhs only) on Telenor. 26. Telenor shall pay the penalty within sixty (60) days from the date of receipt of this order. 27. The Secretar",,,,,,,,Yes,5,"ccordingly, separate show cause notices under Section 43A of the Act read with Regulation 48 of the Competition Commission of India (General) Regulations, 2009 (“General Regulations”) were issued for failure to file notice under Section 6(2) of the Act, to Telenor for Telenor Share Transaction – Tranche 1 and Telenor Share Transaction – Tranche 2 and to Telenor India for Uninor Business Transaction. The show cause noti",
CCI-1089,Amalgamation,Failure to notify,"In order to enforce above provisions, including the ex-ante obligation of the parties thereunder, Section 43A was inserted into the Act, by way of an amendment in 2007, to empower the Commission to impose penalty in cases where parties fail to give notice in terms of Section 6(2) of the Act",Failure to notify,Yes,Full,mitigating factor while levying penalty under Section 43A of the Act.,,"sion has taken these as mitigating factors and considers it appropriate to impose a Combination Reg. No. C-2016/04/387 (S. 43A) Page 13 of 13 nominal penalty of INR 5,00,000/- (Indian Rupees Five Lakhs only) on the Acquirer, which is only 0.14% of the maximum penalty that could be imposed. 10. The Acquirers shall pay the",proceedings under Section 43A of the Act,"sion has taken these as mitigating factors and considers it appropriate to impose a Combination Reg. No. C-2016/04/387 (S. 43A) Page 13 of 13 nominal penalty of INR 5,00,000/- (Indian Rupees Five Lakhs only) on the Acquirer, which is only 0.14% of the maximum penalty that could be imposed. 10. The Acquirers shall pay the",17000000.0,,,,,,,Yes,9,", including the ex-ante obligation of the parties thereunder, Section 43A was inserted into the Act, by way of an amendment in 2007, to empower the Commission to impose penalty in cases where parties fail to give notice in terms of Section 6(2) of the Act. The text of Section 43A reads as under: “Power to impose penalty for non-furnishing of information on combinations 43A. If any person or enterprise who fails to g",
CCI-441,Amalgamation,Delayed notification,"Therefore, penalizing RJIO for a delay in filing the notice would be unfair and excessive",Delayed notification,Yes,Partial,Mitigating factors 7.,,"N COMMISSION OF INDIA (Combination Registration No. C-2017/06/516) Page 28 of 28 Fair Competition For Greater Good it appropriate to impose a nominal penalty of INR 5,00,000/- (INR Five Lakhs only) on the Acquirer. 44. The Acquirer shall pay the penalty within sixty (60) days from the date of receipt of this order. 45. Th",,"N COMMISSION OF INDIA (Combination Registration No. C-2017/06/516) Page 28 of 28 Fair Competition For Greater Good it appropriate to impose a nominal penalty of INR 5,00,000/- (INR Five Lakhs only) on the Acquirer. 44. The Acquirer shall pay the penalty within sixty (60) days from the date of receipt of this order. 45. Th",,,,,,,,Yes,13,"tries Limited, the parent of RJIO has a comprehensive competition compliance policy in place and endeavours to be in compliance with the Competition Act at all times. Therefore, penalizing RJIO for a delay in filing the notice would be unfair and excessive. Any penalty would cause severe damage to RJIO’s reputation, which as a new entrant to the market has brought huge pro-competitive benefits to the telecom sec",
CCI-443,Amalgamation,Failure to notify,"2017 was issued to the Acquirers to show cause, in writing, within 15 days of the receipt of SCN as to why penalty, in terms of Section 43A of the Act should not be imposed on them for failure to file notice for the Spectrum Transaction within the stipulated time under the provisions of the Act and consummating the Spectrum Transaction before expiry of timelines as provided in Section 6(2A) of the Act",Failure to notify,Yes,Partial,mitigating factors/circumstances: i.,,"some uncertainty as regards coverage of the same under the Act. In view of the foregoing, the Commission considers it appropriate to impose a nominal penalty of INR 5,00,000/- (INR Five Lakhs only) on the Acquirers. 40. The Acquirers shall pay the penalty within sixty (60) days from the date of receipt of this order. 41.",,"some uncertainty as regards coverage of the same under the Act. In view of the foregoing, the Commission considers it appropriate to impose a nominal penalty of INR 5,00,000/- (INR Five Lakhs only) on the Acquirers. 40. The Acquirers shall pay the penalty within sixty (60) days from the date of receipt of this order. 41.",,,,,,,,Yes,3,"”) dated 14.09.2017 was issued to the Acquirers to show cause, in writing, within 15 days of the receipt of SCN as to why penalty, in terms of Section 43A of the Act should not be imposed on them for failure to file notice for the Spectrum Transaction within the stipulated time under the provisions of the Act and consummating the Spectrum Transaction before expiry of timelines as provided in Section 6(2A) of the Act. T",
CCI-448,Amalgamation,Failure to notify,"2017 was issued to Airtel to show cause, in writing, within 15 days of the receipt of SCN as to why penalty, in terms of Section 43A of the Act should not be imposed on it for failure to file notice for the Spectrum Transaction within the stipulated time under the provisions of the Act and consummating the Spectrum Transaction before expiry of timelines as provided in Section 6(2A) of the Act",Failure to notify,Yes,Partial,mitigating factors/circumstances: i.,,"uncertainty as regards notification requirement under the Act. In view of the foregoing, the Commission considers it appropriate to impose a nominal penalty of INR 5,00,000/- (INR Five Lakhs only) on the Acquirer. 40. The Acquirer shall pay the penalty within sixty (60) days from the date of receipt of this order. 41. Th",,"uncertainty as regards notification requirement under the Act. In view of the foregoing, the Commission considers it appropriate to impose a nominal penalty of INR 5,00,000/- (INR Five Lakhs only) on the Acquirer. 40. The Acquirer shall pay the penalty within sixty (60) days from the date of receipt of this order. 41. Th",,,,,,,,Yes,3,"ice (“SCN”) dated 14.09.2017 was issued to Airtel to show cause, in writing, within 15 days of the receipt of SCN as to why penalty, in terms of Section 43A of the Act should not be imposed on it for failure to file notice for the Spectrum Transaction within the stipulated time under the provisions of the Act and consummating the Spectrum Transaction before expiry of timelines as provided in Section 6(2A) of the Act. T",
CCI-1136,Amalgamation,Failure to notify,"Based on the said information, the Commission, in its meeting held on 4th February, 2016, decided to initiate penalty proceedings under Section 43A of the Act against IDAL for failing to give notice to the Commission under Sub-section (2) of Section 6 of the Act",Failure to notify,,,,,"e imposed. However, considering the totality of the facts of the case and explanation given by IDAL, the Commission deemed it appropriate to impose a penalty of INR 10,00,000/- lakh (INR ten lakh only) on IDAL. 15. IDAL shall pay the penalty within sixty (60) days from the date of receipt of this order. 16. The Secretary i","proceedings under Section 43A of the Competition Act, 2002 against against Intellect Design Arena Limited CORAM: Mr","e imposed. However, considering the totality of the facts of the case and explanation given by IDAL, the Commission deemed it appropriate to impose a penalty of INR 10,00,000/- lakh (INR ten lakh only) on IDAL. 15. IDAL shall pay the penalty within sixty (60) days from the date of receipt of this order. 16. The Secretary i",,,,,,,,No,2,"ge 2 of 8 Background 2. Based on the said information, the Commission, in its meeting held on 4th February, 2016, decided to initiate penalty proceedings under Section 43A of the Act against IDAL for failing to give notice to the Commission under Sub-section (2) of Section 6 of the Act. Accordingly, a Show Cause Notice dated 23rd February, 2016 (“SCN”) was issued to IDAL, directing it to show cause in writing, within 1",
CCI-1101,Acquisition,Failure to notify,C-2015/02/246) Page 3 of 15 Fair Competition For Greater Good has failed to give notice in accordance with Section 6(2) of the Act,Failure to notify,,Partial,,,"and that the Acquirer has cooperated fully with the Commission. In view of the foregoing, the Commission considers it appropriate to impose a nominal penalty of INR 10,00,000/- (INR Ten Lakhs only) on the Acquirer. 19. The Acquirer shall pay the penalty within sixty (60) days from the date of receipt of this order. 20. The",proceedings under Section 43A of the Act,"and that the Acquirer has cooperated fully with the Commission. In view of the foregoing, the Commission considers it appropriate to impose a nominal penalty of INR 10,00,000/- (INR Ten Lakhs only) on the Acquirer. 19. The Acquirer shall pay the penalty within sixty (60) days from the date of receipt of this order. 20. The",,,,,,,,Yes,3,"ination without the approval of the Commission and therefore, UltraTech COMPETITION COMMISSION OF INDIA (Combination Registration No. C-2015/02/246) Page 3 of 15 Fair Competition For Greater Good has failed to give notice in accordance with Section 6(2) of the Act. Accordingly, a show cause notice was issued to UltraTech on 23.04.2015 under Section 43A of the Act read with Regulation 48 of the Competition Commission o",
CCI-1102,Acquisition,Failure to notify,"The SCN required the Acquirer to show cause, in writing, within 15 days of receipt of the same, as to why penalty, in terms of Section 43A of the Act, should not be imposed on it for failure to file notice of the Combination in accordance with Section 6(2) of the Act",Failure to notify,,Partial,,,"rupees fifty lakhs and a maximum penalty of rupees one crore. Considering the facts of the case, the Commission considers it appropriate to impose a penalty of INR 50,00,000/- (INR Fifty Lakhs only) on the Acquirer. 15. The Acquirer shall pay the penalty within sixty (60) days from the date of receipt of this order. 16. T",proceedings under Section 43A of the Act,"rupees fifty lakhs and a maximum penalty of rupees one crore. Considering the facts of the case, the Commission considers it appropriate to impose a penalty of INR 50,00,000/- (INR Fifty Lakhs only) on the Acquirer. 15. The Acquirer shall pay the penalty within sixty (60) days from the date of receipt of this order. 16. T",,,,,,,,No,2,"r on 23.04.2015. The SCN required the Acquirer to show cause, in writing, within 15 days of receipt of the same, as to why penalty, in terms of Section 43A of the Act, should not be imposed on it for failure to file notice of the Combination in accordance with Section 6(2) of the Act. The Acquirer filed its reply to the SCN on 22.05.2015 (“Response to S. 43A SCN”) along with a request for oral hearing, in terms of Regu",
CCI-451,Amalgamation,Delayed notification,"2 The breach was technical in nature: The Parties have stated that any non- compliance was only in regard of a delayed filing, which would only be of C-2017/05/508 Page 5 of 7 a technical or procedural nature as any technical failure of the Parties to notify the transaction arose from a different understanding of law",Delayed notification,,,mitigating factors: 7.,,"ling notice and sought lenient view and pleaded for no penalty. In view of the foregoing the Commission considered it appropriate to impose a nominal penalty of INR 1,00,000/- (INR One Lakh Only) on the Parties. 11. The Parties shall pay the penalty within sixty (60) days from the date of receipt of this order. C-2017/05/",proceedings under Section 43A of the Act,"ling notice and sought lenient view and pleaded for no penalty. In view of the foregoing the Commission considered it appropriate to impose a nominal penalty of INR 1,00,000/- (INR One Lakh Only) on the Parties. 11. The Parties shall pay the penalty within sixty (60) days from the date of receipt of this order. C-2017/05/",,,,,,,,Yes,5,"voluntarily submitted a notice within 15 working days of the PFC for seeking approval. 7.2 The breach was technical in nature: The Parties have stated that any non- compliance was only in regard of a delayed filing, which would only be of C-2017/05/508 Page 5 of 7 a technical or procedural nature as any technical failure of the Parties to notify the transaction arose from a different understanding of law. 7.3 T",
CCI-454,Amalgamation,Delayed notification,"22 As regards the contention of the Acquirer that it acted in a bona fide manner and there was no wilful failure, the Commission notes that in the instant case the Acquirer has not only delayed in filing a notice with the Commission but rather failed to file the notice with the Commission",Delayed notification,Yes,,,,"However, considering the totality of the facts of the case and the submissions made by the Acquirer, the Commission deems it appropriate to impose a penalty of Rs. 5,00,000/- (Rupees Five Lacs Only) on the Acquirer. C-2017/02/485 Page 28 of 28 18. The Acquirer shall pay the penalty within sixty (60) days from the date of",proceedings under the C-2017/02/485 Page 3 of 28 provisions of the Act,"However, considering the totality of the facts of the case and the submissions made by the Acquirer, the Commission deems it appropriate to impose a penalty of Rs. 5,00,000/- (Rupees Five Lacs Only) on the Acquirer. C-2017/02/485 Page 28 of 28 18. The Acquirer shall pay the penalty within sixty (60) days from the date of",,,,,,,,No,24,"ommission. 11.22 As regards the contention of the Acquirer that it acted in a bona fide manner and there was no wilful failure, the Commission notes that in the instant case the Acquirer has not only delayed in filing a notice with the Commission but rather failed to file the notice with the Commission. In the event that the Commission would not have taken suo moto cognizance of the combination, it would have esca",
CCI-1118,Amalgamation,Failure to notify,"In view of the above, the Commission was of the prima facie opinion that FCEL not only failed to give notice of the combination within the time stipulated under sub-section (2) of Section 6 of the Act but also consummated the same, in contravention of sub-section (2) of Section 6 read with sub-section (2A) of Section 6 of the Act",Failure to notify,Yes,,mitigating factors such as there was no intention on the part of FCEL to conceal the transaction and any failure on the part of FCEL was inadvertent.,,".]. However, considering the totality of the facts of the case and explanation given by the Parties, the Commission deemed it appropriate to impose a penalty of INR 10,00,000/- (INR ten lakh only) on FCEL. 16. FCEL shall pay the penalty within sixty (60) days from the date of receipt of this order. 17. The Secretary is dir",Proceedings under Section 43A of the Act 5,".]. However, considering the totality of the facts of the case and explanation given by the Parties, the Commission deemed it appropriate to impose a penalty of INR 10,00,000/- (INR ten lakh only) on FCEL. 16. FCEL shall pay the penalty within sixty (60) days from the date of receipt of this order. 17. The Secretary is dir",,,,,,,,No,3,"Also, FCEL has given effect to the said combination prior to statutory timelines of two hundred and ten days. 9. In view of the above, the Commission was of the prima facie opinion that FCEL not only failed to give notice of the combination within the time stipulated under sub-section (2) of Section 6 of the Act but also consummated the same, in contravention of sub-section (2) of Section 6 read with sub-section (2A)",
CCI-1123,Acquisition,Pre-closing consummation,"The Commission observed that the Parties had not consummated the transaction before an order under Section 31 of the Act was passed, which, at best, can be taken as a mitigating factor to be considered while imposing monetary penalty",Pre-closing consummation,,,mitigating factor to be considered while imposing monetary penalty.,,"imposed. However, considering the totality of the facts of the case and explanation given by Avago, the Commission deemed it appropriate to impose a penalty of INR 10,00,000/- lakh (INR ten lakh only) on Avago. 14. Avago shall pay the penalty within sixty (60) days from the date of receipt of this order. 15. The Secretary",Proceedings under Section 43A of the Act 4,"imposed. However, considering the totality of the facts of the case and explanation given by Avago, the Commission deemed it appropriate to impose a penalty of INR 10,00,000/- lakh (INR ten lakh only) on Avago. 14. Avago shall pay the penalty within sixty (60) days from the date of receipt of this order. 15. The Secretary",,123,,,Yes,,,No,7,"re is any AAEC or not, mandatory regime for notifying a combination to the Commission. Fair Competition For Greater Good C-2015/09/312 Page 7 of 7 11. The Commission observed that the Parties had not consummated the transaction before an order under Section 31 of the Act was passed, which, at best, can be taken as a mitigating factor to be considered while imposing monetary penalty. 12. In view of the foregoing, it emerges that Av",
CCI-994,Share Subscription,,,,,,,,,,,,,,,,,,,2,"moter group companies of MBECL), are required to jointly make an open offer to the public shareholders of MBECL to acquire up to 26 percent of the shares in MBECL. According to the Acquirer, post the subscription of shares by EMC and the acquisition of the shares in the open offer, MBECL will be under the joint control of EMC and the Promoter group. 3. In this regard, it is observed that MKN Investment Private Limited",no recognised conduct pattern found - conduct_type left blank
CCI-1105,Share Purchase,Failure to notify,"In the instant case, it is observed that the Investors failed to give notice of the combination to the Commission within thirty days of execution of the SPA 1 dated 31",Failure to notify,,,mitigating factors: 7.,,"owever, considering the totality of the facts of the case and the submissions made by the Investors, the Commission deemed it appropriate to impose a penalty of INR 5,00,000/- (INR five lakh only) on the Investors. COMPETITION COMMISSION OF INDIA Fair Competition For Greater Good C-2015/05/276 Page 10 of 10 14. The Invest",,"owever, considering the totality of the facts of the case and the submissions made by the Investors, the Commission deemed it appropriate to impose a penalty of INR 5,00,000/- (INR five lakh only) on the Investors. COMPETITION COMMISSION OF INDIA Fair Competition For Greater Good C-2015/05/276 Page 10 of 10 14. The Invest",,388,,,,,,Yes,9,"notice to the Commission, disclosing the details of the combination, within thirty days of execution of any binding agreement or other document. In the instant case, it is observed that the Investors failed to give notice of the combination to the Commission within thirty days of execution of the SPA 1 dated 31.03.2015 i.e. by 30.04.2015. 11. It is further noted that the Hon’ble Supreme Court has held in The Chairman,",
CCI-1113,Amalgamation,Delayed notification,"Since the Commission, in exercise of the said powers under sub-section (1) of Section 20 of the Act, has already examined the said amalgamation and found that the same is not likely to cause any appreciable adverse effect on competition in India, the initiation of a separate inquiry in terms of section 43A of the Act for allegedly a belated filing of notice under sub-section (2) of Section 6 of the Act is akin to initiating prosecution for the same offence twice, which is barred under Article 20(2) of the Constitution of India as such action suffers from the vice of double jeopardy and is not legally permissible and may be ultra vires the provisions of Article 20(2) of the Constitution of India",Delayed notification,,Partial,,,"antum of penalty, the Commission, considered the specificities of the case and explanation given by the Parties and deemed it appropriate to impose a penalty of INR 1,00,000/- (INR One lakh only) on the Parties. The Parties shall pay the penalty within sixty (60) days from the date of receipt of this order. 13. The Secret",,"antum of penalty, the Commission, considered the specificities of the case and explanation given by the Parties and deemed it appropriate to impose a penalty of INR 1,00,000/- (INR One lakh only) on the Parties. The Parties shall pay the penalty within sixty (60) days from the date of receipt of this order. 13. The Secret",,,,,,,,,4,"gamation and found that the same is not likely to cause any appreciable adverse effect on competition in India, the initiation of a separate inquiry in terms of section 43A of the Act for allegedly a belated filing of notice under sub-section (2) of Section 6 of the Act is akin to initiating prosecution for the same offence twice, which is barred under Article 20(2) of the Constitution of India as such action s",
CCI-1117,Amalgamation,Failure to notify,"It was further submitted that since the decision was taken in exercise of statutory powers of the Government, it could not have been considered as “failure to notify” in terms of section 43A of the Act",Failure to notify,Yes,Partial,,,"he combination being effectuated immediately upon issuance of Notification and explanation given by the Parties and deemed it appropriate to impose a penalty of INR 1,00,000/- (INR One lakh only) on the Parties. The Parties shall pay the penalty within sixty (60) days from the date of receipt of this order. 13. The Secret",Proceedings under Section 43A of the Act 6,"he combination being effectuated immediately upon issuance of Notification and explanation given by the Parties and deemed it appropriate to impose a penalty of INR 1,00,000/- (INR One lakh only) on the Parties. The Parties shall pay the penalty within sixty (60) days from the date of receipt of this order. 13. The Secret",,,,,,,,,3,"lve any decision making on the part of the Parties. It was further submitted that since the decision was taken in exercise of statutory powers of the Government, it could not have been considered as “failure to notify” in terms of section 43A of the Act. 9.2. That the Combination is in public interest and has been effected with the view to provide better customer service by having better infrastructure, computeris",
CCI-1109,Amalgamation,Failure to notify,"In view of the foregoing, it emerges that the Acquirer has failed to give notice to the Commission in accordance with the provision of sub-section (2) of Section 6 and has also given effect to the combination, in contravention of sub-section (2A) of Section 6 of the Act, which attracts penalty under Section 43A of the Act",Failure to notify,Yes,,,,"ng the quantum of penalty. In view of the foregoing, applying the principles of proportionality, the Commission considered it appropriate to impose a penalty of INR 25,00,000/- (INR twenty-five lakhs only) on the Acquirer. COMPETITION COMMISSION OF INDIA Fair Competition For Greater Good C-2015/08/298 Page 11 of 11 20. The",,"ng the quantum of penalty. In view of the foregoing, applying the principles of proportionality, the Commission considered it appropriate to impose a penalty of INR 25,00,000/- (INR twenty-five lakhs only) on the Acquirer. COMPETITION COMMISSION OF INDIA Fair Competition For Greater Good C-2015/08/298 Page 11 of 11 20. The",,,,,,,,,10,"act the levy of penalty irrespective of the fact whether the contravention was made by the defaulter with any guilty intention or not…”. 18. In view of the foregoing, it emerges that the Acquirer has failed to give notice to the Commission in accordance with the provision of sub-section (2) of Section 6 and has also given effect to the combination, in contravention of sub-section (2A) of Section 6 of the Act, which at",
CCI-1114,Amalgamation,Failure to notify,"In view of the foregoing, the Commission is of the opinion that the Acquirer failed to give notice to the Commission in accordance with the requirements of sub-section (2) of Section 6 of the Act which attracts penalty under Section 43A of the Act",Failure to notify,,,,,"COMPETITION COMMISSION OF INDIA Fair Competition For Greater Good C-2015/12/349 Page 15 of 15 PUBLIC Commission considered it appropriate to impose a penalty of INR 25,00,000/- (INR twenty- five lakhs only) on the Acquirer, which is well within the limits as prescribed under the Act. 12. The Acquirer shall pay the penalty",,"COMPETITION COMMISSION OF INDIA Fair Competition For Greater Good C-2015/12/349 Page 15 of 15 PUBLIC Commission considered it appropriate to impose a penalty of INR 25,00,000/- (INR twenty- five lakhs only) on the Acquirer, which is well within the limits as prescribed under the Act. 12. The Acquirer shall pay the penalty",,,,,,,,No,14,"nalty irrespective of the fact whether the contravention was made by the defaulter with any guilty intention or not…”. 10. In view of the foregoing, the Commission is of the opinion that the Acquirer failed to give notice to the Commission in accordance with the requirements of sub-section (2) of Section 6 of the Act which attracts penalty under Section 43A of the Act. Section 43A of the Act reads as under: “If any pe",
CCI-1135,Acquisition,Pre-closing consummation,The Acquirer further referred to various clauses of the SPA which provide for approval from the Commission as a primary requirement for consummation of the Combination and submitted that they had neither the intention to consummate nor had consummated the transaction prior to approval from the Commission,Pre-closing consummation,,Partial,,,"nd that the Acquirer has cooperated fully with the Commission. In view of the foregoing, the Commission considered it appropriate to impose a nominal penalty of INR 5,00,000/- (INR Five Lakhs only) on the Acquirer, which is approximately 0.0009 percent of the combined value of turnover of the Parties. The Acquirer shall p",Proceedings under Section 43A of the Act 3,"nd that the Acquirer has cooperated fully with the Commission. In view of the foregoing, the Commission considered it appropriate to impose a nominal penalty of INR 5,00,000/- (INR Five Lakhs only) on the Acquirer, which is approximately 0.0009 percent of the combined value of turnover of the Parties. The Acquirer shall p",,,,,Yes,,,Yes,5,clauses of the SPA which provide for approval from the Commission as a primary requirement for consummation of the Combination and submitted that they had neither the intention to consummate nor had consummated the transaction prior to approval from the Commission. It has been submitted that the Acquirer exhibited promptness in responding to the queries from the Commission and were proactive in assisting the Commission. It has also,
CCI-1112,Amalgamation,Delayed notification,"4 As regards the argument of the Acquirer that omission to file the notice was a technical or venial breach, it is noted that in the instant case the Acquirers have not merely delayed filing of the notice with the Commission but also failed to file the notice with the Commission",Delayed notification,Yes,,,,"rdingly while considering the totality of factors and applying the principles of proportionality, the Commission considers it appropriate to impose a penalty of INR 2,00,000/- (INR two lakh only) on the Acquirers, which is approximately 0.0001 per cent of the combined value of worldwide assets of the parties to the combin",proceedings under Section 43A of the Act,"rdingly while considering the totality of factors and applying the principles of proportionality, the Commission considers it appropriate to impose a penalty of INR 2,00,000/- (INR two lakh only) on the Acquirers, which is approximately 0.0001 per cent of the combined value of worldwide assets of the parties to the combin",,,,,,,,No,7,"ection 6 of the Act. 15.4 As regards the argument of the Acquirer that omission to file the notice was a technical or venial breach, it is noted that in the instant case the Acquirers have not merely delayed filing of the notice with the Commission but also failed to file the notice with the Commission. In the event that the Commission would not have taken suo moto cognisance of the combination, it would have e",
CCI-1115,Acquisition,Delayed notification,The fact of delayed filing and consummation of the Combination before obtaining approval of the Commission in contravention of Section 6(2) of the Act is not disputed by the Acquirer,Delayed notification,,,"mitigating factors submitted by the parties have to be, therefore, assessed in the above backdrop of the seriousness of the violation itself.",,"s omission and sought lenient view and pleaded for no penalty. In view of the foregoing, the Commission considered it appropriate to impose a nominal penalty of INR 1,00,000/- (INR One Lakh only) on the Acquirer, which is approximately 0.00002 percent of the combined value of assets of the Parties. The Acquirer shall pay",Proceedings under Section 43A of the Act 4,"s omission and sought lenient view and pleaded for no penalty. In view of the foregoing, the Commission considered it appropriate to impose a nominal penalty of INR 1,00,000/- (INR One Lakh only) on the Acquirer, which is approximately 0.00002 percent of the combined value of assets of the Parties. The Acquirer shall pay",,,,,,,,Yes,4,-2015-02-249 (Notice given by Piramal Enterprises Limited). COMPETITION COMMISSION OF INDIA (Combination Registration No. C-2016/02/373) Page 4 of 6 Fair Competition For Greater Good 7.1. The fact of delayed filing and consummation of the Combination before obtaining approval of the Commission in contravention of Section 6(2) of the Act is not disputed by the Acquirer. The Acquirer has only requested the Commis,
CCI-480,Acquisition,,,,,Partial,,,"ing the quantum of penalty. In view of the foregoing, applying the principles of proportionality, the Commission considers it appropriate to impose a penalty of INR 1,000,000/- (INR one million only) on the Acquirer, which is approximately 0.00003 per cent of the combined value of worldwide assets of the Parties. 15. The A",,"ing the quantum of penalty. In view of the foregoing, applying the principles of proportionality, the Commission considers it appropriate to impose a penalty of INR 1,000,000/- (INR one million only) on the Acquirer, which is approximately 0.00003 per cent of the combined value of worldwide assets of the Parties. 15. The A",,,,,,,,,9,"ing the quantum of penalty. In view of the foregoing, applying the principles of proportionality, the Commission considers it appropriate to impose a penalty of INR 1,000,000/- (INR one million only) on the Acquirer, which is approximately 0.00003 per cent of the combined value of worldwide assets of the Parties. 15. The A",no recognised conduct pattern found - conduct_type left blank
CCI-1104,,,,,,,,,,,,,,,,,,,,,,no extracted text available (PDF unreadable or scanned)
CCI-1131,Joint Venture,Delayed notification,"14 As regards the argument of the Acquirer that it was merely a procedural bonafide error and should not outweigh the substantive approval, it is noted that in the instant case the Acquirer has not merely delayed filing of the notice with the Commission but also failed to file the notice with the Commission",Delayed notification,Yes,Partial,,,"ng the quantum of penalty. In view of the foregoing, applying the principles of proportionality, the Commission considered it appropriate to impose a penalty of INR 1,00,00,000/- (INR one crore only) on the Acquirer, which is approximately 0.00009 per cent of the combined value of worldwide assets of the Parties. 19. The Acq",Proceedings under Section 43A of the Act 5,"ng the quantum of penalty. In view of the foregoing, applying the principles of proportionality, the Commission considered it appropriate to impose a penalty of INR 1,00,00,000/- (INR one crore only) on the Acquirer, which is approximately 0.00009 per cent of the combined value of worldwide assets of the Parties. 19. The Acq",,,,,,,,No,11,"regards the argument of the Acquirer that it was merely a procedural bonafide error and should not outweigh the substantive approval, it is noted that in the instant case the Acquirer has not merely delayed filing of the notice with the Commission but also failed to file the notice with the Commission. In the event that the Commission would not have taken suo moto cognisance of the combination, it would have e",
CCI-1103,Share Purchase,Failure to notify,"The Acquirer also submitted a number of mitigating factors to be considered by the Commission in levying a penalty on the Acquirer, including that PEL is a competition law complaint organization, that PEL has exercised limited veto rights, that the combination caused no appreciable adverse effect on competition (“AAEC”) in the relevant markets, that the failure to give notice of the SCL Transaction was on account COMPETITION COMMISSION OF INDIA (Combination Registration No",Failure to notify,Yes,,,aggravating factor.,"ated the combination which may be considered as an aggravating factor. In view of the foregoing, the Commission considered it appropriate to impose a penalty of INR 5 Crore (INR 5,00,00,000/- only) on the Acquirer, which is approximately 0.005% of the combined value of the worldwide assets of the combination. 11. The Acquirer is directed",,"ated the combination which may be considered as an aggravating factor. In view of the foregoing, the Commission considered it appropriate to impose a penalty of INR 5 Crore (INR 5,00,00,000/- only) on the Acquirer, which is approximately 0.005% of the combined value of the worldwide assets of the combination. 11. The Acquirer is directed",,,,,,,,No,5,"competition law complaint organization, that PEL has exercised limited veto rights, that the combination caused no appreciable adverse effect on competition (“AAEC”) in the relevant markets, that the failure to give notice of the SCL Transaction was on account COMPETITION COMMISSION OF INDIA (Combination Registration No. C-2015/02/249) Page 5 of 5 Fair Competition For Greater Good of an incorrect understanding of the d",
CCI-1108,Amalgamation,Delayed notification,"Thus, giving an excuse that notifiability was determined in pre-filing consultation is not a valid ground for delayed filing or giving effect to a combination in contravention of the provisions of sub-section (2) of Section 6 of the Act, 10",Delayed notification,,Partial,,,"es themselves approached the Commission for a pre-filing consultation. In view of the foregoing, the Commission considered it appropriate to impose a penalty of INR 1,00,00,000/- (INR one crore only) on the Acquirer, which is approximately 0.0005 per cent of the combined value of worldwide assets of the Parties. The Acquirer",Proceedings under Section 43A of the Act 4,"es themselves approached the Commission for a pre-filing consultation. In view of the foregoing, the Commission considered it appropriate to impose a penalty of INR 1,00,00,000/- (INR one crore only) on the Acquirer, which is approximately 0.0005 per cent of the combined value of worldwide assets of the Parties. The Acquirer",,,,,,,,Yes,8,"he time the Commission issues an order under Section 31 of the Act, whichever is earlier. Thus, giving an excuse that notifiability was determined in pre-filing consultation is not a valid ground for delayed filing or giving effect to a combination in contravention of the provisions of sub-section (2) of Section 6 of the Act, 10.8 In relation to the argument of the Acquirer that there was uncertainty as to whet",
CCI-1100,Joint Venture,Failure to notify,"In the present case, in order to establish that the Acquirers failed to give notice regarding the proposed combination to the Commission in accordance with sub-section (2) of Section 6 of the Act, the following three facts are required to be established: i",Failure to notify,Yes,,mitigating factor for imposition of penalty.,,"t consummated by the Acquirers without the approval of the Commission. In view of the foregoing, the Commission considered it appropriate to impose a penalty of INR 5,00,00,000/- (INR five crore only) on the Acquirers, which is approximately 0.0001 per cent of the combined value of worldwide assets of the Parties. The Acquir",,"t consummated by the Acquirers without the approval of the Commission. In view of the foregoing, the Commission considered it appropriate to impose a penalty of INR 5,00,00,000/- (INR five crore only) on the Acquirers, which is approximately 0.0001 per cent of the combined value of worldwide assets of the Parties. The Acquir",,,,,,,,No,6,"tatutory Authority, the date of such communication shall be deemed to be the date of execution of the other document for acquisition. 13. In the present case, in order to establish that the Acquirers failed to give notice regarding the proposed combination to the Commission in accordance with sub-section (2) of Section 6 of the Act, the following three facts are required to be established: i. The Acquirers had an inte",
CCI-1106,Joint Venture,Failure to notify,"Thus, in view of the foregoing, the Commission observed that the Parties failed to give notice to the Commission within the time period of 30 days of execution of the agreement for acquisition, i",Failure to notify,,,,,"oluntarily filed the notice with the Commission before giving effect to the combination, the Commission considered it appropriate to impose a nominal penalty of INR 5,00,000/- (INR Five Lakhs only) on the Parties. The Parties shall pay the penalty within sixty (60) days from the date of receipt of this order. 9. The Secre",proceedings under Section 43A of the Act be initiated against the Parties,"oluntarily filed the notice with the Commission before giving effect to the combination, the Commission considered it appropriate to impose a nominal penalty of INR 5,00,000/- (INR Five Lakhs only) on the Parties. The Parties shall pay the penalty within sixty (60) days from the date of receipt of this order. 9. The Secre",,43,,,,,,Yes,4,"er the statutory timeline of filing a notice within 30 days of the execution of the agreement for acquisition, meaningless. 7. Thus, in view of the foregoing, the Commission observed that the Parties failed to give notice to the Commission within the time period of 30 days of execution of the agreement for acquisition, i.e., SPA1,under sub-section(2) of Section 6of the Act which attracts penalty under Section 43A of t",
CCI-1098,Share Purchase,Failure to notify,"The Commission noted that the notice in terms of sub-section (2) of Section 6 of the Act was not filed for the First Acquisition, and as per Section 43A of the Act, failure to file notice in terms of Section 6(2) of the Act is liable for penalty",Failure to notify,,,,,"he requisite information, and given the quantum of turnover of the Proposed Combination, the Commission considered it appropriate to impose a nominal penalty of INR Two Crores (INR 2,00,00,000 only) on the Acquirers. The Acquirers shall pay the penalty within sixty (60) days from the date of receipt of this order. 12. The Secretary is direc",,"he requisite information, and given the quantum of turnover of the Proposed Combination, the Commission considered it appropriate to impose a nominal penalty of INR Two Crores (INR 2,00,00,000 only) on the Acquirers. The Acquirers shall pay the penalty within sixty (60) days from the date of receipt of this order. 12. The Secretary is direc",,,,,,,,Yes,1,"2011 (“Combination Regulations”). The Commission noted that the notice in terms of sub-section (2) of Section 6 of the Act was not filed for the First Acquisition, and as per Section 43A of the Act, failure to file notice in terms of Section 6(2) of the Act is liable for penalty. 4. Further, it was observed that on 23rd April 2014, i.e., 29 days prior to filing of the notice, under sub-section (2) of Section 6 of the",
CCI-1097,Joint Venture,Failure to notify,"In terms of Section 43A of the Act, if any person or enterprise fails to give notice under sub-section (2) of Section 6 of the Act, the Commission shall impose on such person or enterprise a penalty which may extend to one per cent of the total turnover or the assets, whichever is higher, of such a combination",Failure to notify,,,,,"ce within 30 days of executing the Joint Venture Agreement and Share Purchase Agreement, the Commission considered it appropriate to impose a nominal penalty of INR 3,00,00,000/- (INR Three Crores only) on the Acquirer. The Acquirer shall pay the penalty within sixty (60) days from the date of receipt of this order. 12. The",,"ce within 30 days of executing the Joint Venture Agreement and Share Purchase Agreement, the Commission considered it appropriate to impose a nominal penalty of INR 3,00,00,000/- (INR Three Crores only) on the Acquirer. The Acquirer shall pay the penalty within sixty (60) days from the date of receipt of this order. 12. The",,,,,,,,Yes,6,"ication to the DIPP and the FIPB. However, the notice was given by the Acquirer on 31st March 2014, with a delay of around 73 days. 11. In terms of Section 43A of the Act, if any person or enterprise fails to give notice under sub-section (2) of Section 6 of the Act, the Commission shall impose on such person or enterprise a penalty which may extend to one per cent of the total turnover or the assets, whichever is hi",
CCI-1133,Amalgamation,Failure to notify,"Therefore, the Parties have failed to give notice under sub-section (2) of Section 6 of the Act",Failure to notify,,Partial,,,"considers it appropriate to impose a relatively nominal penalty on the Parties. Therefore, in exercise of the powers under Section 43A of the Act, a penalty of INR 1,00,00,000 (Rupees one crore) is imposed on the Parties. The parties to the combination shall pay the penalty within 60 days from the date of receipt of this or",,"considers it appropriate to impose a relatively nominal penalty on the Parties. Therefore, in exercise of the powers under Section 43A of the Act, a penalty of INR 1,00,00,000 (Rupees one crore) is imposed on the Parties. The parties to the combination shall pay the penalty within 60 days from the date of receipt of this or",,,,,,,,Yes,8,"the proposed combination within the time prescribed therein. Whereas, at the time of giving notice to the Commission, TCISIL had already consummated the Market Purchases. Therefore, the Parties have failed to give notice under sub-section (2) of Section 6 of the Act. 10. In terms of Section 43A of the Act, if any person or enterprise fails to give notice under sub-section (2) of Section 6 of the Act, the Commission s",
CCI-1094,Acquisition,Failure to notify,"LHR Transaction and CCA; and Etihad, being the acquirer in the combination, failed to give notice in accordance with sub-section (2) of Section 6 of the Act",Failure to notify,,Partial,,,"penalty of INR one crore would serve the ends of the justice. The Commission, therefore, in exercise of powers under Section 43A of the Act imposes a penalty of INR 1,00,00,000 (Rupees one crore) on Etihad as the obligation to give notice to the Commission, as per Regulation 9 of the Competition Commission of India (Procedur",proceedings under Section 43A of the Act,"penalty of INR one crore would serve the ends of the justice. The Commission, therefore, in exercise of powers under Section 43A of the Act imposes a penalty of INR 1,00,00,000 (Rupees one crore) on Etihad as the obligation to give notice to the Commission, as per Regulation 9 of the Competition Commission of India (Procedur",,,,,,,,,2,"). It was stated in the notice that the Parties consummated and implemented certain parts of the composite combination viz. LHR Transaction and CCA; and Etihad, being the acquirer in the combination, failed to give notice in accordance with sub-section (2) of Section 6 of the Act. Etihad was therefore COMPETITION COMMISSION OF INDIA Page 2 of 12 Fair Competition For Greater Good called upon to show cause, in writing,",
CCI-1095,Amalgamation,Delayed notification,"The Commission, in its Ordinary meeting held on 18th June, 2013, considered the said belated notice along with the application for condonation of delay and inter-alia decided to admit the belated filing in terms of Regulation 7 of the Combination Regulations, without prejudice to the action that may be taken under Section 43A of the Act",Delayed notification,,,mitigating factors as set out above before coming to a final conclusion on the penalties.,aggravating factors.,"nt to an acquisition of the shareholding of one foreign enterprise by another foreign enterprise, the Commission considers it appropriate to impose a penalty of INR 50,00,000/-(INR Fifty Lakhs only) on the Acquirers. The Acquirers shall COMPETITION COMMISSION OF INDIA Page 13 of 13 pay the penalty within sixty (60) days fr",,"nt to an acquisition of the shareholding of one foreign enterprise by another foreign enterprise, the Commission considers it appropriate to impose a penalty of INR 50,00,000/-(INR Fifty Lakhs only) on the Acquirers. The Acquirers shall COMPETITION COMMISSION OF INDIA Page 13 of 13 pay the penalty within sixty (60) days fr",,399,,,,,,Yes,2,"99 days. 5. The Commission, in its Ordinary meeting held on 18th June, 2013, considered the said belated notice along with the application for condonation of delay and inter-alia decided to admit the belated filing in terms of Regulation 7 of the Combination Regulations, without prejudice to the action that may be taken under Section 43A of the Act. The Commission in the said meeting also decided to initiate se",
CCI-1093,Joint Venture,Delayed notification,"The Commission considered the application for condonation of delay, in its meeting held on 20th February, 2013 and admitted the belated filing in terms of Regulation 7 of the Competition Commission of India (Procedure in regard to the transaction of business relating to combinations) Regulations, 2011 without prejudice to the action that may be taken under Section 43A of the Act",Delayed notification,,,,,"mount of penalty on the Acquirer under the provisions of Section 43A of the Act. Therefore, in exercise of the powers under Section 43A of the Act, a penalty of INR 1,00,00,000/- (INR One Crore only) is imposed on the Acquirer. The Acquirer shall pay the penalty within 60 days from the date of receipt of this order. 11. The",,"mount of penalty on the Acquirer under the provisions of Section 43A of the Act. Therefore, in exercise of the powers under Section 43A of the Act, a penalty of INR 1,00,00,000/- (INR One Crore only) is imposed on the Acquirer. The Acquirer shall pay the penalty within 60 days from the date of receipt of this order. 11. The",,,,,,,,Yes,1,"the time period specified in sub- section (2) of Section 6 of the Act. The Commission considered the application for condonation of delay, in its meeting held on 20th February, 2013 and admitted the belated filing in terms of Regulation 7 of the Competition Commission of India (Procedure in regard to the transaction of business relating to combinations) Regulations, 2011 without prejudice to the action that ma",
CCI-1091,,,,,,,,,,,,,,,,,,,,,,no extracted text available (PDF unreadable or scanned)
